Symbol,Count
NAC/GCARSO A1,20480
NAC/CULTIBA B,93
NAC/GBM O,32
NAC/VASCONI ~,68
NAC/BIMBO A,64972
NAC/BEVIDES B,12
NAC/GISSA A,589
NAC/PE&OLES ~,44615
NAC/FEMSA UB,34
NAC/ALSEA ~,74918
NAC/ASUR B,83703
NAC/GMEXICO B,111783
NAC/AMX B,85514
NAC/VITRO A,66
NAC/AC ~,53887
NAC/GPROFUT ~,11
NAC/NAFTRAC ISHRS,41788
NAC/GFNORTE O,160789
SIC/DEO N,7
NAC/GFINBUR O,41479
SIC/GSK N,8
NAC/FIHO 12,532
NAC/FIBRAMQ 12,39017
SIC/UL N,1
SIC/VOD N,2571
NAC/FINN 13,228
NAC/TERRA 13,22344
NAC/TLEVISA CPO,35286
SIC/PFE ~,12489
NAC/BBVA ~,372
SIC/VZ ~,16
NAC/PASA B,2
NAC/AXTEL CPO,438
NAC/ALFA A,91368
SIC/AAPL ~,29924
SIC/AMAT ~,8027
NAC/ORBIA ~,111808
NAC/GAP B,113688
SIC/CSCO ~,7778
NAC/HCITY ~,776
NAC/FSHOP 13,344
NAC/VOLAR A,39159
SIC/QCOM ~,8639
SIC/SBUX ~,29809
NAC/DANHOS 13,11344
SIC/QQQ ~,113056
SIC/AMZN ~,58151
NAC/KIMBER A,73426
SIC/IVV ~,45956
NAC/FIBRAPL 14,76571
NAC/VALUEGF O,123
NAC/PINFRA L,128
SIC/IJR ~,10
NAC/HOTEL ~,663
SIC/SHY ~,214876
NAC/FIBRATC 14,7227
NAC/IVVPESO ISHRS,70478
SIC/TLT ~,10507
SIC/BAC ~,9836
NAC/AGUA ~,7604
NAC/FMTY 14,16235
SIC/BMY ~,7892
SIC/CVX ~,9440
SIC/FDX ~,5486
SIC/F ~,5876
NAC/ICH B,51657
SIC/GOOGL ~,31817
NAC/GICSA B,29
NAC/NEMAK A,16868
SIC/MU ~,21878
SIC/MS ~,8459
SIC/PEP ~,7624
NAC/LAMOSA ~,24
SIC/SLB N,10008
SIC/SONY N,3270
SIC/SNY N,4
SIC/TSM N,17229
SIC/USB ~,3
SIC/WFC ~,10951
NAC/CADU A,43
SIC/TGT ~,6979
NAC/LACOMER UBC,60883
SIC/COST ~,6453
NAC/ANB ~,2
NAC/FPLUS 16,215
NAC/OMA B,81682
NAC/CUERVO ~,22726
NAC/BBAJIO O,84882
SIC/CL ~,5
NAC/VISTA A,200
NAC/TRAXION A,65808
NAC/GMXT ~,6335
SIC/IAU ~,18342
SIC/EEM ~,6932
SIC/EWJ ~,9141
SIC/EZU ~,3668
NAC/FCFE 18,1591
SIC/EWU ~,18
NAC/TMM A,50
NAC/EDUCA 18,34
NAC/STORAGE 18,32
NAC/DINE A,4
NAC/DINE B,5
SIC/BIIB ~,10
SIC/VTI ~,7440
SIC/LMT ~,2483
NAC/KOF UBL,77422
NAC/FEMSA UBD,97316
NAC/FINDEP ~,4
NAC/MEGA CPO,39188
NAC/VMEX 19,9190
NAC/ARISTOS A,1
SIC/BAYN N,2
NAC/AUTLAN B,72
SIC/NESN N,8
NAC/COXA ~,23
SIC/TSLA ~,93694
SIC/NKE ~,28147
SIC/GOOG ~,13359
SIC/UPS ~,2939
NAC/GAV A,2
SIC/DLTR ~,2175
SIC/DVYE ~,2
SIC/REM ~,2
NAC/FHIPO 14,120
SIC/WHR ~,44
SIC/CMG ~,9243
NAC/FEXI 21,1232
NAC/DLRTRAC 15,30127
SIC/SLV ~,22148
SIC/NCLH N,25190
SIC/HAL ~,7
SIC/BHC N,1
SIC/MC N,16
SIC/VLUE ~,2
NAC/SITES1 A-1,25384
SIC/SCHW ~,7347
SIC/DVN ~,5226
SIC/DXJ ~,2
SIC/NVO N,8625
SIC/BABA N,60378
SIC/UBS N,3706
SIC/JD N,22198
SIC/MDT N,1
SIC/VXUS ~,12
SIC/VIOO ~,1
SIC/RSP ~,4369
SIC/PPG ~,1
SIC/HEZU ~,1
SIC/TAN ~,11
NAC/LASITE B-1,1706
SIC/LQDE N,2
SIC/CRM ~,31370
SIC/KHC ~,7
SIC/PYPL ~,9387
NAC/FMX 23,113
SIC/ADSK ~,2655
SIC/GLD ~,8589
SIC/CAR ~,1
SIC/CSPX N,50337
SIC/VOW3 N,12
NAC/CTAXTEL A,606
SIC/ADBE ~,6355
SIC/STZ ~,3116
SIC/PBR N,6947
SIC/VALE N,3215
NAC/CMOCTEZ ~,37
SIC/PRU ~,1
SIC/X ~,9677
NAC/LIVEPOL 1,31
SIC/SPY ~,64620
SIC/XLE ~,9165
SIC/XLF ~,10376
SIC/TWLO ~,4933
SIC/XLY ~,23731
SIC/FIS ~,4
NAC/AGUILAS CPO,4017
SIC/XLV ~,8003
SIC/MCO ~,53
SIC/CHTR ~,2
SIC/CBU7 N,35164
SIC/IUIT N,359
SIC/FCX ~,4573
SIC/GSLC ~,1
NAC/FNOVA 17,1000
SIC/IHYG N,2
SIC/CNDX N,182
SIC/TECL ~,52657
SIC/YANG ~,8078
SIC/JNUG ~,23100
SIC/YINN ~,146233
SIC/TNA ~,9254
SIC/GUSH ~,18246
SIC/DRIP ~,8047
SIC/JDST ~,35574
SIC/SPXS ~,11459
SIC/ERX ~,4
SIC/ALB ~,11440
SIC/AVGO ~,42441
SIC/KKRC ~,1
SIC/SYY ~,2
SIC/AAL ~,13989
SIC/EA ~,3
NAC/LIVEPOL C-1,30456
NAC/FRES ~,13
NAC/BOLSA A,34342
NAC/PINFRA ~,57877
NAC/LAB B,64750
SIC/COP ~,5
NAC/KUO B,19
NAC/GNP ~,7
NAC/GCC ~,41473
SIC/TAL N,10903
SIC/GLW ~,4
NAC/GMD ~,7
NAC/MEXTRAC 09,30069
NAC/GRUMA B,107633
NAC/MEDICA B,222
NAC/WALMEX ~,92158
SIC/DGTL N,161
NAC/CHDRAUI B,65422
SIC/SOXX ~,6253
NAC/TEAK CPO,109
NAC/PROCORP B,1
NAC/SPORT S,54
SIC/IWVL N,2
NAC/ANGELD 10,274
NAC/CIE B,15
NAC/CYDSASA A,435
NAC/GENTERA ~,93715
NAC/ARA ~,591
NAC/MFRISCO A-1,129
SIC/NEM ~,3569
NAC/MINSA B,14
NAC/CMR B,839
NAC/HERDEZ ~,523
NAC/FUNO 11,110024
NAC/FRAGUA B,6834
NAC/R A,58166
NAC/CERAMIC B,2
NAC/ALPEK A,25942
NAC/Q ~,63597
NAC/VESTA ~,122765
NAC/SORIANA B,79
NAC/CEMEX CPO,65394
SIC/LNG ~,52
SIC/ULTA ~,2445
SIC/SHOP N,10198
SIC/ATHM N,1
SIC/HUM ~,2613
SIC/DFS ~,1
SIC/AAP ~,5
SIC/LUMN ~,5
SIC/DE ~,3323
SIC/VUG ~,9144
SIC/VTV ~,3516
SIC/KWEB ~,15013
SIC/SOXL ~,184592
SIC/SOXS ~,24669
SIC/VOE ~,3
SIC/LIT ~,6513
SIC/VB ~,3063
SIC/GIS ~,3678
SIC/VBR ~,2
SIC/VGK ~,6410
SIC/VWO ~,5747
SIC/TEP N,1
SIC/AMD ~,109461
SIC/DAL ~,14555
SIC/TX ~,12119
SIC/SQ ~,12167
SIC/LULU ~,7583
SIC/UAL ~,12093
SIC/GME ~,17553
SIC/URA ~,8
SIC/DELLC ~,11411
SIC/CCL N,6
SIC/AWR ~,1
SIC/MRNA ~,13525
SIC/NDAQ ~,8
SIC/CCL1 N,16042
SIC/HBAN ~,16
SIC/AZO ~,7825
SIC/IB01 N,34881
SIC/CPB ~,1
SIC/K ~,3
SIC/SWK ~,3
SIC/DAVA N,15
SIC/DBX ~,10
SIC/HAS ~,1
SIC/BBUS ~,4
SIC/EPAM ~,4
SIC/BCRX ~,1
SIC/WDAY ~,1
SIC/C ~,10443
SIC/ZBRA ~,3491
SIC/BYND ~,52
SIC/UBER ~,10816
SIC/OXY1 ~,10010
SIC/IB1MXX N,22701
SIC/LEVI ~,8
SIC/VUAA N,40932
SIC/VWRA N,37299
SIC/ZS ~,7293
SIC/OKTA ~,7
SIC/PANW ~,7238
SIC/TREE ~,2
SIC/GNOM ~,4
SIC/NIO N,48049
SIC/ODFL ~,2
SIC/SWKS ~,1
SIC/VCR ~,6269
SIC/VEA ~,5680
SIC/CLX ~,3
SIC/HERO ~,14
SIC/GXTG ~,1
SIC/CRWD ~,8775
SIC/ZM ~,8652
SIC/MBIL N,22751
SIC/ZTO N,1
SIC/AMC ~,11669
SIC/ETSY ~,11801
SIC/GPN ~,3577
SIC/BRKB ~,8462
SIC/BNTX N,3754
SIC/GRMN N,2
SIC/SPLG ~,2596
SIC/NKLA ~,29574
SIC/ROKU ~,25997
SIC/NVAX ~,28453
SIC/CRSP N,3
SIC/PDD N,18148
SIC/GLOB N,1
SIC/O ~,8911
SIC/FL ~,3
SIC/MELI N,8344
SIC/CHWY ~,6001
SIC/STYC N,1
SIC/GSX N,1
SIC/VTRS ~,9
SIC/LIA N,25964
SIC/XPEV N,39666
SIC/SNOW ~,9656
SIC/QS ~,7662
SIC/PLUG ~,5275
SIC/VST ~,131
SIC/941 N,2
SIC/MSTR ~,21514
SIC/ACLS ~,3
SIC/MARA ~,34272
SIC/RIOT ~,33749
SIC/DTCR ~,3
SIC/DAO N,1
SIC/API N,1
SIC/VXRT ~,2
SIC/BTBT N,60
SIC/ATER ~,1329
SIC/ABNB ~,8907
SIC/LOGC ~,11
SIC/HMY N,1
SIC/SAM ~,3
SIC/DLR ~,1
SIC/SQQQ ~,18340
SIC/TQQQ ~,64256
SIC/LCID ~,8278
SIC/SPT ~,1
SIC/VSCO ~,1
SIC/NOVOB N,3
SIC/SOFI ~,20579
SIC/CLSK ~,53340
SIC/PLTR ~,30979
SIC/BIDU N,13717
SIC/NU N,7794
SIC/RBLX ~,8
SIC/RIVN ~,23331
SIC/WBD ~,26713
SIC/DKNG1 ~,10964
SIC/ANAU N,42919
SIC/SKX ~,1
SIC/SMCI ~,58686
SIC/ICOP ~,1
SIC/ARM N,9561
SIC/CQQQ ~,4
SIC/SPYL N,299
SIC/CELH ~,221
SIC/GEV ~,3296
SIC/GRAL ~,2
SIC/TJX ~,2
SIC/V ~,8480
SIC/CVS ~,9062
SIC/UAA ~,10
SIC/ACWI ~,7606
SIC/IBTS N,2
SIC/GDX ~,7668
SIC/RCL ~,6257
SIC/ITOT ~,3785
SIC/LVS ~,9601
SIC/MGM ~,5103
SIC/WYNN ~,10084
SIC/VNQ ~,6633
SIC/DDM ~,16767
SIC/AAXJ ~,43045
SIC/SHV ~,76639
SIC/BIL ~,16680
SIC/VT ~,7426
SIC/VYM ~,24
SIC/MBB ~,1
SIC/VIG ~,3957
SIC/ELV ~,8
SIC/IYT ~,1
SIC/PSQ ~,9221
SIC/FAS ~,14139
SIC/EDC ~,36731
SIC/EDZ ~,18881
SIC/WBA ~,8079
SIC/ICLN ~,7811
SIC/IXC ~,2
SIC/GM ~,9635
SIC/SIL ~,3887
SIC/COF ~,1
SIC/NVDA ~,207935
SIC/PGX ~,1
SIC/GOLD N,7207
SIC/UNP ~,2330
SIC/MCHI ~,16655
SIC/VOO ~,14602
SIC/AGNC ~,19
SIC/IGOV ~,1
SIC/NFLX ~,8404
SIC/ACWV ~,1
SIC/SMSN N,6
SIC/META ~,33263
SIC/UNH ~,7289
SIC/PVH ~,1
NAC/GIGANTE ~,19
SIC/MSFT ~,11910
SIC/ANTA N,8
SIC/SYF ~,2
SIC/POST ~,3
SIC/M ~,11256
SIC/EIMI N,160
SIC/INTC ~,13000
NAC/BAFAR B,29
NAC/FIBRAHD 15,76
NAC/ACTINVR B,486
SIC/EMN ~,1
SIC/TECS ~,6329
NAC/HOMEX ~,43
SIC/ARCO N,5
SIC/GPRO ~,1
SIC/BY ~,1
NAC/DIABLOI 10,69
SIC/BBDB N,6
NAC/GENIUS 21,3137
SIC/HPQ ~,4282
SIC/KD ~,22
SIC/SEDG N,3
SIC/CHIQ ~,4
SIC/AXP ~,7211
SIC/MOAT ~,9
SIC/KO ~,23911
SIC/0R87 N,1
SIC/HMC N,3
SIC/TCEHY N,62
SIC/BLUE ~,4
SIC/PLD ~,636
SIC/1810 N,110
SIC/CIG N,1
NAC/JAVER ~,11
NAC/CHNTRAC 11,14
NAC/SMARTRC 14,2
SIC/ABEV N,6129
NAC/CABLE CPO,6
SIC/LAZR ~,3
SIC/EWW ~,7513
SIC/LUV ~,9827
SIC/FUBO ~,6060
SIC/SAN N,25
SIC/ADI ~,2
SIC/SMH ~,13599
SIC/RIO N,9
NAC/URBI ~,2
SIC/FLCH ~,1
SIC/BB N,6998
SIC/PUM N,3
SIC/NEE ~,421
SIC/ATOS ~,29
NAC/ALTERNA B,21
SIC/JMIA N,18
SIC/DGRO ~,5
SIC/1211 N,33
SIC/FCEL ~,38
SIC/BOTZ ~,9707
SIC/OCGN ~,3425
SIC/ICF ~,1
SIC/IBM ~,6547
SIC/PBRA N,2
NAC/FIDEAL 20,1
NAC/FSITES 20,1
NAC/INFRAEX 18,1
NAC/FVIA 16,12
NAC/VINTE ~,26
SIC/IBB ~,3569
SIC/BUG ~,7
SIC/PPLT ~,10
SIC/COIN ~,14468
SIC/ITA ~,11
SIC/EWS ~,19
SIC/IWM ~,11335
SIC/JPM ~,21801
SIC/BKCH ~,17703
SIC/ASML N,19
SIC/3988 N,7
SIC/VOOG ~,16
SIC/DHYA N,3
SIC/US7 N,1
SIC/WB N,1
SIC/IYH ~,7279
SIC/XSD ~,1
SIC/175 N,1
SIC/SPCE ~,19319
SIC/NOMD N,4
SIC/VWS N,2
SIC/T ~,5295
SIC/XLRE ~,4222
SIC/GT ~,6
NAC/POSADAS A,2
SIC/ENOR ~,4
SIC/BBJP ~,1
SIC/EIRL ~,2
SIC/NTDOY N,1
SIC/MNST ~,9772
SIC/FWRA N,4
SIC/EMB ~,2
NAC/CIDMEGA ~,4
SIC/BA ~,9737
SIC/TM N,2884
SIC/ENPH ~,9346
SIC/INDA ~,2841
SIC/VISC N,1
SIC/REPS N,1
SIC/APPS N,1
SIC/AMS N,1
SIC/VECA N,1
SIC/TZA ~,3467
SIC/EOG ~,251
NAC/FIBRAUP 18,3
SIC/DIS ~,11173
SIC/V3AA N,2
SIC/BRZU ~,7488
SIC/MEXX ~,24
SIC/XBAS N,1
SIC/ON ~,1
SIC/XLI ~,4290
SIC/XLB ~,7077
SIC/XLC ~,25587
SIC/CIBR ~,4
SIC/HON ~,3469
SIC/RBOT N,248
SIC/PSI ~,1
SIC/AIR N,2
SIC/VNQI ~,5
SIC/CMCSA ~,21
SIC/QCLN ~,4448
SIC/RVLV ~,3
SIC/MASI ~,1
SIC/SPYG ~,32
SIC/EWN ~,12
SIC/SIXG ~,2
SIC/IVW ~,3
SIC/IYW ~,10721
SIC/SKLZ ~,3
SIC/EWC ~,43
NAC/SIMEC B,26844
NAC/IDEAL B-1,4
SIC/ORCL ~,7847
SIC/IBTA N,94895
SIC/IHYA N,40852
SIC/GEN ~,1
SIC/JKS N,1
SIC/WMT ~,6634
SIC/LQDA N,46993
NAC/CONVER A,5
SIC/IUSZ N,1
SIC/ECAR N,236
SIC/ALLY1 ~,2
SIC/DUK ~,1
NAC/PSOTRAC 15,11717
SIC/MMM ~,6638
SIC/EBAY ~,6682
SIC/TBBB N,11
SIC/BRBR ~,1
SIC/ALO N,2
SIC/SPXL ~,25995
NAC/SRE ~,7870
SIC/GILD ~,3
SIC/BTEC1 N,186
SIC/PHR N,1
SIC/UPWK ~,3
SIC/MPW ~,5
SIC/CRTO N,1
SIC/FNV N,1
SIC/VPL ~,6
SIC/PII ~,1
SIC/EWT ~,20
SIC/GE ~,6865
SIC/CSPXX N,22303
SIC/FTNT ~,8949
SIC/TIP ~,6
SIC/SNAP ~,18375
SIC/PATH ~,6912
SIC/EQIX ~,1
SIC/WAB ~,2
SIC/EPI ~,1
SIC/CDNS ~,8
SIC/AZN N,7093
NAC/ESGMEX ISHRS,16038
SIC/NXTG ~,2
SIC/FBT ~,1
SIC/SABE N,1
SIC/MAT ~,5
SIC/SIMO N,1
SIC/JNJ ~,7885
SIC/SPYD ~,1
SIC/BN1 N,1
SIC/ABBV ~,7359
NAC/POCHTEC B,23
SIC/EWL ~,22
SIC/TMF ~,9640
SIC/C300 N,1
SIC/KSA ~,5
SIC/IUIS N,2
SIC/PBW ~,2
SIC/ZK N,1
SIC/DTE N,2
NAC/GFMULTI O,2
SIC/SAP N,7
SIC/LABD ~,18817
SIC/HPE ~,4531
SIC/MRK ~,9230
SIC/MEDP ~,1
SIC/GSM N,2
SIC/NOK N,10
SIC/VJPA N,33179
SIC/VAPU N,32543
SIC/SUU N,1
SIC/LABU ~,34423
SIC/EL ~,7
SIC/AA1 ~,5903
SIC/PAVE ~,2
SIC/OR N,1
SIC/VGT ~,10735
SIC/JWN ~,4087
SIC/CAT ~,7045
SIC/IOGP N,2
SIC/ROST ~,148
SIC/IUUS N,1
SIC/XOM ~,10364
SIC/HACKUS ~,2
SIC/IDRV ~,3093
SIC/IUFS N,1
SIC/BBRE ~,2
SIC/U ~,15386
SIC/XLP ~,7723
SIC/AMGN ~,2
SIC/DPZ ~,2768
SIC/AEP ~,1
SIC/SO ~,3
SIC/CWEN ~,2
SIC/BMWM5 N,1
SIC/WMI ~,1
NAC/GPH 1,6
SIC/BHP N,3
SIC/LLY ~,7733
SIC/GS ~,7533
SIC/QAT ~,1
SIC/GDDY ~,2
SIC/EWM ~,10
SIC/CRSR ~,12
SIC/VUKE N,1
NAC/FMX 23-2,3
SIC/VEU ~,1
SIC/FSLY ~,19
SIC/TEF N,4
NAC/ALEATIC ~,2
SIC/GLDM ~,2
SIC/AFRM ~,18990
SIC/ERIC N,1
SIC/CUBE ~,2
SIC/DB N,11569
SIC/CVAC N,2
SIC/PG ~,8102
SIC/HD ~,7269
SIC/MQ ~,1
SIC/GEHC ~,3
SIC/KLG ~,2
SIC/EMR ~,2
SIC/PTON ~,17022
SIC/CLF ~,19133
SIC/VPU ~,1
SIC/MO ~,3222
SIC/BBUSA N,443
SIC/AIQ ~,18
SIC/CROX ~,1
SIC/JQUA ~,1
SIC/HUBS ~,1
SIC/PARA ~,13194
SIC/DGE N,1
SIC/SPOT N,6510
SIC/PROK N,6
SIC/YUMC ~,2
SIC/CRNC ~,2
SIC/FXI ~,10630
SIC/PAYC ~,3
SIC/VRT ~,7
SIC/GEVO ~,4
NAC/SOMA 21,9
SIC/MUFG N,3
SIC/SOL N,1
SIC/WKHS ~,7
SIC/BLDR ~,1
SIC/WSML N,3
SIC/AMCR N,1
SIC/DRIV ~,14
SIC/FANG ~,9
SIC/CTLT ~,3
SIC/HUT1 ~,5
SIC/XT ~,1567
SIC/BBEU ~,1
SIC/FINX ~,3
SIC/THD ~,3
SIC/NUGT ~,8945
NAC/KIMBER B,3
SIC/BA1 N,2
SIC/CABA ~,2
SIC/AFK ~,1
SIC/MRO ~,26
SIC/IJS ~,1
SIC/HDV ~,8
SIC/PARR ~,1
SIC/DOCU ~,6
SIC/LMND ~,6191
SIC/CAN N,15
SIC/WULF ~,3
NAC/KUO A,1
SIC/XBI ~,5
SIC/EXPE ~,5737
SIC/ESGU ~,3453
SIC/LDA N,1
SIC/CAH ~,1
SIC/CXM ~,2
SIC/OGN ~,14
SIC/DXCM ~,4
SIC/FMC1 ~,1
SIC/IHE ~,3
SIC/CNK ~,4337
SIC/EWH ~,2
SIC/HTZ1 ~,2
SIC/EDEN ~,3
SIC/VWOB ~,1
SIC/MILN ~,2
SIC/MNSO N,14
SIC/FM ~,1
SIC/BNGO ~,10
SIC/TDOC ~,7199
SIC/CLOU ~,5
SIC/BNDW ~,1
SIC/TSN ~,7
SIC/CNYA N,202
SIC/UTSI ~,1
SIC/VRM ~,1778
SIC/SPHR ~,1
SIC/KGC N,2
SIC/CWEB ~,24807
SIC/VDTA N,30517
SIC/XLU ~,3233
SIC/PM ~,2
SIC/MA ~,5592
SIC/FIW ~,2
SIC/SRET1 ~,2
SIC/IQLT ~,1
SIC/FUTU N,11215
NAC/INVEX A,18
SIC/ILF ~,2
SIC/CTRA ~,1
SIC/BATS N,2
SIC/JBLU ~,8763
SIC/IBE N,8
SIC/HOOD ~,6892
SIC/TALO ~,8
NAC/PV ~,2
SIC/CVNA ~,8803
SIC/ANAM N,21553
SIC/HIMS ~,6
SIC/VIPS N,7085
SIC/STAG ~,2
SIC/CRUD N,15
SIC/PHO ~,1
SIC/APLE ~,2
SIC/DUST ~,2084
SIC/V3MA N,1
SIC/ANF ~,16
SIC/TIGR N,28415
SIC/FVRR N,5
SIC/TTWO ~,4
SIC/AIA ~,3572
SIC/MFC N,1
SIC/HLN1 N,4
SIC/GRWG ~,1
SIC/DRN ~,3
SIC/SAVA ~,5
SIC/AEM N,1
SIC/HSY ~,3
SIC/CHPT ~,2
SIC/IBLC ~,4326
SIC/USRT ~,1
SIC/CIND N,1
SIC/HCA ~,3
SIC/QDIV ~,1
SIC/EWG ~,6790
SIC/EWY ~,10
SIC/ESGV ~,2
SIC/ECH ~,12
SIC/EMGA N,1
SIC/IHG N,1
SIC/INO ~,21
SIC/TEL1 N,1
SIC/VAGU N,31011
SIC/QYLD ~,7
SIC/EWA ~,6158
SIC/MGV ~,2
SIC/BIV ~,2273
SIC/CEG ~,51
SIC/RIG N,6
SIC/CDE ~,4
SIC/VDEA N,33678
SIC/BLK ~,5326
SIC/VDST N,35696
SIC/RMBS ~,1
SIC/LQD ~,6453
SIC/MOMO N,3
SIC/UPST ~,24730
SIC/PI ~,1
SIC/APP ~,5
SIC/ASML1 N,11738
SIC/DSY N,1
SIC/RGLD ~,2
SIC/VFEA N,33638
SIC/JETS ~,2
SIC/OPEN1 ~,1
SIC/NSANY N,4
SIC/SMMT ~,1
SIC/XHB ~,6842
SIC/VRTX ~,64
SIC/QQQM ~,7
SIC/MRVL1 ~,14289
SIC/PGR ~,1144
SIC/HDB N,1
SIC/IEV ~,5
SIC/QLD ~,35160
SIC/SPYV ~,2
SIC/BRFS N,3577
SIC/AMSC ~,1
SIC/AMGOLD N,1
SIC/9766 N,2
SIC/TNK N,2
SIC/EXPI ~,2
SIC/IFRX N,1
SIC/IUCM N,1
SIC/IHI ~,6
SIC/FLIN ~,4
SIC/NRSH ~,2078
SIC/UWM ~,3
SIC/IAG N,2
SIC/VNRA N,43744
SIC/ASTS ~,1
SIC/DASH ~,1
SIC/FAZ ~,16422
SIC/VTIP ~,4178
SIC/VHT ~,3079
SIC/EZA ~,11725
SIC/XMOV N,1
SIC/EMHY ~,1
SIC/ANXU N,1
SIC/AQWA ~,2
SIC/IEZ ~,1
SIC/RKT ~,1
SIC/WOOF ~,7
SIC/WPC ~,1
SIC/IUES N,1
SIC/ITB ~,4243
SIC/SID N,2
SIC/PBF ~,4
SIC/AIZ ~,1
SIC/LAUR ~,1
SIC/ID27 N,34590
SIC/7270 N,1
SIC/STNG N,3
SIC/DHL N,1
SIC/QRVO ~,1
SIC/SDMXX N,20397
SIC/DM ~,1
SIC/HER N,2
SIC/ELPC N,1
SIC/NLOP ~,1
SIC/PSP ~,1
SIC/XLK ~,56452
SIC/HEE N,1
SIC/IBTMXX N,22775
SIC/EPHE ~,1
SIC/DXD ~,3
SIC/FDNI ~,2
NAC/RLH A,21
SIC/RTX ~,7679
SIC/USFR ~,5516
SIC/VTWO ~,3582
SIC/VGIT ~,2674
SIC/INTU ~,2258
SIC/IHYMXX N,17
SIC/NTES N,5075
SIC/SCI ~,3150
SIC/CNC ~,3796
SIC/ESGE ~,3574
SIC/TMV ~,2486
SIC/IEUR ~,2803
SIC/VDC ~,3187
SIC/TTD ~,7328
SIC/VIS ~,2949
SIC/VCSH ~,7924
SIC/GNW ~,3827
SIC/DIG ~,6771
SIC/APA ~,11236
SIC/IQV ~,2417
SIC/NET ~,3513
SIC/BBCA ~,3671
SIC/TMUS ~,2838
SIC/IEI ~,5110
SIC/SHEL1 N,8454
SIC/MCD ~,5895
SIC/IDNA ~,2579
SIC/LYFT ~,5706
SIC/BX ~,7790
SIC/FLOT ~,5591
SIC/PICK ~,1946
SIC/TEVA N,11530
SIC/DNOW ~,5875
SIC/SBS N,4456
SIC/MSCI ~,5622
SIC/IVE ~,7694
SIC/ZTS ~,2913
SIC/ESGD ~,2540
SIC/GMF ~,16210
SIC/FDL ~,3064
SIC/SE N,4127
SIC/IEFA ~,2940
SIC/IWO ~,3559
SIC/IHAK ~,1650
SIC/SCCO ~,3090
SIC/XOP ~,11666
SIC/PAAS N,5337
SIC/PINS ~,8948
SIC/HYG ~,4811
SIC/XME ~,10260
SIC/BSV ~,1987
SIC/IDXX ~,2757
SIC/ASHR ~,6587
SIC/DOG ~,2616
SIC/IYC ~,3111
SIC/TSCO1 ~,2523
SIC/FLJP ~,5541
SIC/PRF ~,3765
SIC/TMO ~,6673
SIC/SNPS ~,3143
SIC/YUM ~,2924
SIC/FSLR ~,9154
SIC/TRN ~,5172
SIC/NOWW ~,3176
SIC/LRCX ~,7369
SIC/DVY ~,6940
SIC/IEF ~,5339
SIC/IJH ~,6250
SIC/ACN N,5913
SIC/MGA N,5241
SIC/RH ~,3661
SIC/EFIV ~,4632
SIC/VOX ~,3799
SIC/URTH ~,3325
SIC/FVD ~,3639
SIC/DPST ~,5047
SIC/GAP1 ~,5176
SIC/AGG ~,3151
SIC/DQ N,8194
SIC/DGRW ~,3438
SIC/IVEG ~,2164
SIC/IGSB ~,1996
SIC/NXPI N,3678
SIC/OPK ~,6952
SIC/BKNG ~,8881
SIC/DIA ~,9807
SIC/NOC ~,3473
SIC/RUN ~,26986
SIC/SYK ~,2762
SIC/IGV ~,1816
SIC/AI1 ~,6507
SIC/EWZ ~,15256
SIC/IT25 N,52473
SIC/ID29 N,34439
SIC/D28A N,40864
SIC/ID25 N,34495
SIC/ID30 N,34513
SIC/D26A N,34450
SIC/IT27 N,34623
SIC/IT29 N,34479
SIC/CBU0 N,40654
SIC/IJPA N,34315
SIC/EWSP N,24111
SIC/SDIA N,48044
NAC/FORION 20,2
SIC/SDHA N,29945
SIC/FLOA N,27039
SIC/JPEA N,31480
SIC/ADS N,2
NAC/QVGMEX 18,4973
SIC/ID25MX N,22691
SIC/ID26MX N,22804
SIC/ID27MX N,22396
SIC/ID28MX N,22849
SIC/IT25MX N,22656
SIC/I37MX N,22960
SIC/VMSTX N,195510
SIC/VMCAX N,21936
SIC/MB3M N,22759
SIC/ID29MX N,22257
SIC/ID30MX N,22396
SIC/IT27MX N,22344
SIC/IT29MX N,22897
SIC/AIUU N,25749
SIC/FRMXNX N,276044
SIC/IUCD N,176
SIC/CEUX N,160
SIC/C500 N,78
SIC/CPXJ N,166
SIC/AGED N,160
SIC/4BRZ N,174
SIC/SUJP N,168
SIC/IJPAX N,162
SIC/SUAS N,171
SIC/USPA N,83
SIC/DGRA N,170
SIC/SXLK N,474
SIC/IUQA N,169
SIC/IUSA N,168
SIC/ISAC N,196
SIC/IWDA N,170
SIC/SXLC N,434
SIC/SXLP N,540
SIC/UCAP N,166
SIC/LOCK N,76
SIC/SPEQ N,87
SIC/SXLE N,447
SIC/SXLI N,705
SIC/JCCT N,166
SIC/IUHC N,183
SIC/SXLV N,586
SIC/SPY4 N,670
SIC/HEAL N,238
SIC/EUNK N,168
SIC/DPYA N,164
SIC/SUSM N,188
SIC/SXR7 N,186
SIC/SXRT N,212
SIC/IUSK N,164
SIC/EXS1 N,166
SIC/IMEAX N,156
SIC/VHYA N,32541
SIC/VWCG N,33774
SIC/VDCA N,33004
SIC/VDPA N,33526
SIC/VDE ~,14837
SIC/AZTD ~,1878
SIC/IUCS N,1
SIC/HEIA N,1
SIC/MBLY ~,2
SIC/APH ~,48
SIC/ILIT ~,2
SIC/RACE N,1
SIC/SNSR ~,3
SIC/ONON N,3
SIC/MTUM ~,2
SIC/KSS ~,4
SIC/SX7EEX N,1
SIC/BILI N,9
SIC/WDC ~,1
SIC/DHI ~,10
SIC/ABT ~,3
SIC/IVZ N,1
SIC/JXN ~,1
SIC/STM N,3
SIC/LEN ~,3
SIC/BYD N,2
SIC/XRX ~,1
SIC/MOO ~,2
SIC/RBI N,1
SIC/EWO ~,1
SIC/DDD ~,5
SIC/AD N,117
SIC/MP ~,1
SIC/BG N,113
SIC/KMI ~,1
SIC/ADM ~,2
SIC/SDIV ~,7
SIC/MBUU ~,2
SIC/MUX ~,1
SIC/CARR ~,1
SIC/JPXN ~,3
SIC/P911 N,2
SIC/JBL ~,2
SIC/MGK ~,1
SIC/AMT ~,1
SIC/DHR ~,3
SIC/INDY ~,7
SIC/LOW ~,22
SIC/MET ~,1
SIC/YRD N,4
SIC/SHW ~,1
SIC/SPGI ~,1
SIC/VICI ~,3
SIC/FVI N,1
SIC/CBU3 N,326
SIC/BRNT N,2
SIC/ENEL N,1
SIC/AGCO ~,1
SIC/EWQ ~,1
SIC/ALKT ~,1
SIC/EXPD ~,1
SIC/SDEM ~,1
SIC/CB N,4
SIC/MTCH1 ~,2
SIC/SHAK ~,1
SIC/BND ~,6
SIC/SDHMX N,5
SIC/ICLR N,1
SIC/VGSH ~,5
SIC/SPHY ~,2
SIC/QUAL ~,1241
SIC/GLXY N,4
SIC/CWI ~,1
SIC/SPDW ~,1
SIC/DVA ~,2
SIC/1113 N,1
SIC/WES N,1
SIC/FEZ ~,2
SIC/BCS N,1
SIC/REMX ~,1
SIC/WCN N,1
SIC/MANU N,1
SIC/NOBL ~,1
SIC/VIGI ~,1
SIC/FICO1 ~,1
SIC/EDV ~,1309
SIC/ENGY N,1
SIC/NOVN N,1
SIC/EXC ~,1
SIC/DFE ~,1
SIC/FI ~,1
SIC/ALGN ~,1
SIC/L ~,1
NAC/TS ~,1
SIC/FTFT ~,1
SIC/MDLZ ~,2
NAC/FINAMEX O,1
SIC/DLN ~,1
SIC/EMBMXX N,2
SIC/WU ~,3
SIC/CIFR ~,1
SIC/EH N,4
SIC/SHEL N,4
SIC/PR ~,1
SIC/CSIQ N,2
SIC/DGG ~,2
SIC/PNGAY N,1
SIC/MCHP ~,1
SIC/VOOV ~,1
SIC/LH ~,9
SIC/IAUP N,2
NAC/COLLADO ~,1
SIC/BEKE N,1
SIC/MEXS N,6
SIC/VFC ~,2
SIC/ALT1 ~,1
SIC/WMGT N,2
SIC/ILMN ~,811
SIC/ANGL ~,3
SIC/ACHC ~,1
SIC/MAR ~,3
SIC/FGEN ~,1
SIC/241 N,4
SIC/FDN ~,1
SIC/KR ~,2
SIC/ACWX ~,4
SIC/VYMI ~,1
SIC/JACK ~,2
SIC/BAX ~,1
SIC/IPAC ~,1
SIC/9988 N,1
SIC/PSTG ~,1
SIC/ITX N,1
SIC/HOLX ~,1
SIC/CSU N,2
SIC/IXJ ~,2
SIC/SIRI1 ~,9
SIC/3690 N,2
SIC/XES ~,1
SIC/XPH ~,1
SIC/SPTS ~,2824
SIC/ALTM N,1
SIC/STLA N,5
SIC/SPTI ~,2792
SIC/TFLO ~,889
SIC/BTG N,1
SIC/ERJ N,1
SIC/VCIT ~,2254
SIC/CPNG ~,1
SIC/IXN ~,2
SIC/HYS ~,3550
SIC/DDOG ~,2
SIC/BVN N,1
SIC/ANET ~,3
SIC/EUFN ~,1
SIC/ATUS ~,1
SIC/RXI ~,1
SIC/BNS ~,2
SIC/IWN ~,6
SIC/GGB N,1
SIC/FOX1 ~,1
SIC/DGX ~,16
NAC/ACCELSA B,1
SIC/BP N,8
SIC/VFH ~,1
SIC/GD ~,1
SIC/SAVE ~,1
SIC/MT N,1
SIC/IEO ~,1
SIC/NIU N,1
SIC/SPG ~,1
SIC/GLB N,1
SIC/APD ~,1
SIC/EBIZ ~,1
SIC/CTVA ~,1
SIC/SATS ~,2
SIC/PENN ~,1
SIC/EPP ~,1
SIC/IYR ~,6
SIC/CAKE ~,2
SIC/ELE1 N,1
SIC/REGN ~,419
SIC/SGOV ~,2
SIC/EWP ~,1
SIC/MDB ~,1
SIC/QQEW ~,4
SIC/SLQD ~,136
SIC/TUR ~,2
SIC/TRV ~,2
SIC/BNDX ~,1
SIC/EMCA N,2
SIC/IUAA N,2
SIC/BKF ~,1
SIC/KLAC ~,2
SIC/VMC ~,2
SIC/IOT ~,1
SIC/XRT ~,4
SIC/EDU N,1
SIC/USPX ~,2
SIC/NUE ~,1
SIC/VRSK ~,68
SIC/CPRT ~,80
SIC/QSR N,1
